<?xml version="1.0" encoding="UTF-8"?>
<project-private xmlns="http://www.netbeans.org/ns/project-private/1">
    <editor-bookmarks xmlns="http://www.netbeans.org/ns/editor-bookmarks/2" lastBookmarkId="0"/>
    <open-files xmlns="http://www.netbeans.org/ns/projectui-open-files/2">
        <group>
            <file>file:/C:/Users/Rahul/Documents/NetBeansProjects/ExaminationSystem/web/index.html</file>
            <file>file:/C:/Users/Rahul/Documents/NetBeansProjects/ExaminationSystem/web/logout.jsp</file>
            <file>file:/C:/Users/Rahul/Documents/NetBeansProjects/ExaminationSystem/web/examhome.jsp</file>
            <file>file:/C:/Users/Rahul/Documents/NetBeansProjects/ExaminationSystem/web/thankyou.jsp</file>
            <file>file:/C:/Users/Rahul/Documents/NetBeansProjects/ExaminationSystem/web/Hindi.jsp</file>
            <file>file:/C:/Users/Rahul/Documents/NetBeansProjects/ExaminationSystem/web/English.jsp</file>
            <file>file:/C:/Users/Rahul/Documents/NetBeansProjects/ExaminationSystem/web/loginprocess.jsp</file>
            <file>file:/C:/Users/Rahul/Documents/NetBeansProjects/ExaminationSystem/web/questionbutton.jsp</file>
            <file>file:/C:/Users/Rahul/Documents/NetBeansProjects/ExaminationSystem/src/java/Hindiquesprocess.java</file>
            <file>file:/C:/Users/Rahul/Documents/NetBeansProjects/ExaminationSystem/web/UploadQuestions.jsp</file>
            <file>file:/C:/Users/Rahul/Documents/NetBeansProjects/ExaminationSystem/web/AddSubject.jsp</file>
            <file>file:/C:/Users/Rahul/Documents/NetBeansProjects/ExaminationSystem/web/js/jquery-1.7.1.min.js</file>
            <file>file:/C:/Users/Rahul/Documents/NetBeansProjects/ExaminationSystem/web/finishexam_1.jsp</file>
            <file>file:/C:/Users/Rahul/Documents/NetBeansProjects/ExaminationSystem/web/dbconnect.jsp</file>
            <file>file:/C:/Users/Rahul/Documents/NetBeansProjects/ExaminationSystem/src/java/addquestionprocess.java</file>
            <file>file:/C:/Users/Rahul/Documents/NetBeansProjects/ExaminationSystem/web/login.jsp</file>
            <file>file:/C:/Users/Rahul/Documents/NetBeansProjects/ExaminationSystem/web/Adminhome.jsp</file>
            <file>file:/C:/Users/Rahul/Documents/NetBeansProjects/ExaminationSystem/web/modal.jsp</file>
            <file>file:/C:/Users/Rahul/Documents/NetBeansProjects/ExaminationSystem/web/exam_1.jsp</file>
            <file>file:/C:/Users/Rahul/Documents/NetBeansProjects/ExaminationSystem/web/AddStudent.jsp</file>
            <file>file:/C:/Users/Rahul/Documents/NetBeansProjects/ExaminationSystem/web/exam.jsp</file>
            <file>file:/C:/Users/Rahul/Documents/NetBeansProjects/ExaminationSystem/web/Instructions.jsp</file>
            <file>file:/C:/Users/Rahul/Documents/NetBeansProjects/ExaminationSystem/web/examhome_1.jsp</file>
            <file>file:/C:/Users/Rahul/Documents/NetBeansProjects/ExaminationSystem/web/showresults.jsp</file>
            <file>file:/C:/Users/Rahul/Documents/NetBeansProjects/ExaminationSystem/web/questionbutton_1.jsp</file>
            <file>file:/C:/Users/Rahul/Documents/NetBeansProjects/ExaminationSystem/web/finishexam.jsp</file>
            <file>file:/C:/Users/Rahul/Documents/NetBeansProjects/ExaminationSystem/src/java/addstudentprocess.java</file>
        </group>
    </open-files>
</project-private>
